-1.0;-1.0;-1.0;-1.0;-1.0;-1.0;-1.0;0.22448979591836737;-0.5687310303601992;-0.33333333333333337
1.0;-0.33333333333333337;1.0;1.0;-1.0;1.0;1.0;-0.10204081632653061;-0.1372104944103928;1.0
-1.0;-1.0;1.0;1.0;1.0;1.0;-1.0;0.346938775510204;-0.6021332547776519;-1.0
-1.0;-0.33333333333333337;1.0;-1.0;-1.0;1.0;-1.0;-0.7959183673469388;-0.4713600703697387;1.0
-1.0;0.33333333333333326;1.0;-1.0;1.0;-1.0;-1.0;0.5918367346938775;0.5679735783105104;-1.0
-1.0;-0.33333333333333337;1.0;-1.0;1.0;1.0;-1.0;0.5918367346938775;0.13068525664839692;0.33333333333333326
1.0;0.33333333333333326;-1.0;-1.0;-1.0;1.0;-1.0;-0.8367346938775511;-0.8670635518100127;-1.0
1.0;-0.33333333333333337;1.0;1.0;1.0;1.0;-1.0;0.6326530612244898;-0.3140468123261986;-1.0
-1.0;1.0;1.0;1.0;-1.0;-1.0;-1.0;-0.22448979591836737;-0.30173692599390634;0.33333333333333326
1.0;-0.33333333333333337;1.0;1.0;1.0;1.0;-1.0;0.4693877551020409;-0.33932389231241233;0.33333333333333326
-1.0;-0.33333333333333337;1.0;-1.0;1.0;1.0;-1.0;0.9591836734693877;0.8855321668479998;-1.0
-1.0;-1.0;-1.0;1.0;1.0;1.0;1.0;0.3877551020408163;-0.2551231685516646;-1.0
-1.0;-0.33333333333333337;1.0;-1.0;1.0;1.0;1.0;0.061224489795918435;-0.6310272457326215;-0.33333333333333337
-1.0;-0.33333333333333337;1.0;1.0;1.0;1.0;1.0;0.9591836734693877;0.7272553169193485;-0.33333333333333337
1.0;0.33333333333333326;1.0;-1.0;1.0;1.0;1.0;-0.26530612244897955;-0.5023601978735937;-1.0
-1.0;-1.0;1.0;1.0;1.0;1.0;1.0;-0.18367346938775508;-0.4036780646394643;-1.0
-1.0;-0.33333333333333337;1.0;-1.0;-1.0;-1.0;1.0;-0.22448979591836737;-0.5624057379143639;0.33333333333333326
-1.0;1.0;1.0;-1.0;1.0;-1.0;1.0;0.1428571428571428;0.23896545333814911;-1.0
-1.0;-1.0;1.0;-1.0;1.0;-1.0;-1.0;0.7959183673469388;-0.246505903979101;-1.0
1.0;-0.33333333333333337;1.0;1.0;1.0;1.0;-1.0;-0.4693877551020408;-0.3974594555809091;-1.0
1.0;-1.0;1.0;-1.0;1.0;-1.0;-1.0;0.7551020408163265;0.819347169939237;0.33333333333333326
1.0;-0.33333333333333337;1.0;-1.0;1.0;1.0;-1.0;0.30612244897959173;-0.6048209878571936;0.33333333333333326
1.0;-1.0;1.0;-1.0;1.0;1.0;-1.0;0.4693877551020409;0.15054213228086155;-1.0
-1.0;-0.33333333333333337;-1.0;1.0;1.0;1.0;1.0;-0.6326530612244898;-0.6378068029242949;-1.0
1.0;-1.0;-1.0;1.0;1.0;1.0;-1.0;-0.8367346938775511;-0.7375557700312256;0.33333333333333326
1.0;-1.0;1.0;1.0;1.0;1.0;1.0;0.5510204081632653;0.23958490526429177;-1.0
1.0;-1.0;1.0;-1.0;1.0;1.0;1.0;0.1020408163265305;-0.4564140719517501;-1.0
-1.0;-0.33333333333333337;1.0;-1.0;-1.0;1.0;-1.0;-0.1428571428571429;-0.4803558888971673;-0.33333333333333337
-1.0;-1.0;-1.0;1.0;-1.0;1.0;1.0;-0.1428571428571429;-0.1621950554314836;1.0
1.0;0.33333333333333326;1.0;-1.0;-1.0;1.0;-1.0;0.7551020408163265;-0.33732788055039686;-0.33333333333333337
-1.0;0.33333333333333326;1.0;-1.0;1.0;1.0;-1.0;0.7551020408163265;-0.38300213590465526;0.33333333333333326
-1.0;-0.33333333333333337;1.0;-1.0;1.0;-1.0;-1.0;-0.9183673469387755;-0.6107229881534981;0.33333333333333326
1.0;1.0;1.0;1.0;1.0;1.0;-1.0;0.1020408163265305;-0.3657848137574766;-0.33333333333333337
-1.0;-1.0;-1.0;1.0;1.0;-1.0;-1.0;-0.3877551020408163;-0.14284750693829174;1.0
1.0;1.0;-1.0;-1.0;1.0;1.0;-1.0;0.020408163265306145;0.11871951027507288;-1.0
-1.0;-1.0;1.0;-1.0;1.0;1.0;-1.0;-0.6326530612244898;-0.4888217318877849;0.33333333333333326
1.0;0.33333333333333326;1.0;1.0;1.0;1.0;-1.0;-0.9591836734693877;-0.7956225053079287;1.0
-1.0;0.33333333333333326;-1.0;1.0;-1.0;1.0;-1.0;-0.26530612244897955;-0.7120653232704515;-1.0
-1.0;-0.33333333333333337;1.0;1.0;1.0;1.0;-1.0;0.020408163265306145;-0.5357520980922774;-1.0
-1.0;1.0;-1.0;-1.0;-1.0;1.0;-1.0;0.9591836734693877;-0.29873602555170364;0.33333333333333326
1.0;-0.33333333333333337;1.0;-1.0;-1.0;1.0;1.0;0.510204081632653;-0.2511517934251716;-1.0
-1.0;-1.0;1.0;1.0;-1.0;1.0;-1.0;0.18367346938775508;-0.24501233655717913;-1.0
1.0;-0.33333333333333337;-1.0;1.0;1.0;-1.0;-1.0;1.0;0.7448684000193406;0.33333333333333326
-1.0;-0.33333333333333337;1.0;1.0;-1.0;1.0;1.0;-0.4285714285714286;-0.22371351449663768;-1.0
1.0;-1.0;-1.0;1.0;1.0;1.0;1.0;-0.9183673469387755;-0.6997106987434933;0.33333333333333326
1.0;-1.0;1.0;-1.0;1.0;1.0;1.0;0.8775510204081634;0.6400468099172187;0.33333333333333326
-1.0;-1.0;-1.0;1.0;1.0;1.0;-1.0;0.30612244897959173;-0.7154069222720327;-0.33333333333333337
1.0;-1.0;-1.0;-1.0;1.0;1.0;1.0;-0.5510204081632653;-0.7215085237445387;0.33333333333333326
1.0;-1.0;-1.0;1.0;-1.0;1.0;-1.0;0.3877551020408163;0.1884388245624391;0.33333333333333326
-1.0;0.33333333333333326;1.0;1.0;1.0;-1.0;-1.0;0.18367346938775508;-0.5576738134785513;0.33333333333333326
1.0;-0.33333333333333337;-1.0;1.0;1.0;-1.0;-1.0;-0.7551020408163265;-0.6801050452810754;0.33333333333333326
1.0;-0.33333333333333337;1.0;-1.0;-1.0;-1.0;-1.0;-0.26530612244897955;-0.350243453210473;-1.0
1.0;-0.33333333333333337;1.0;-1.0;1.0;1.0;-1.0;0.020408163265306145;-0.6129977532822778;-0.33333333333333337
1.0;1.0;-1.0;-1.0;1.0;1.0;-1.0;0.22448979591836737;-0.14722496721636713;-0.33333333333333337
1.0;-0.33333333333333337;1.0;-1.0;1.0;1.0;1.0;0.8367346938775511;0.7836185593991591;-1.0
-1.0;0.33333333333333326;-1.0;-1.0;1.0;-1.0;-1.0;0.3877551020408163;0.47366202255527723;1.0
-1.0;-1.0;-1.0;-1.0;-1.0;1.0;-1.0;0.6326530612244898;-0.31298341985298683;-1.0
1.0;-1.0;1.0;-1.0;1.0;1.0;-1.0;-0.5918367346938775;-0.3767387886514342;-1.0
-1.0;-1.0;1.0;-1.0;-1.0;1.0;-1.0;-0.5510204081632653;-0.6514003313035385;-1.0
1.0;-1.0;-1.0;1.0;1.0;1.0;1.0;-0.34693877551020413;-0.3007045061170017;-0.33333333333333337
-1.0;-1.0;1.0;-1.0;1.0;1.0;1.0;-0.020408163265306145;-0.32035489777408555;-0.33333333333333337
-1.0;-1.0;-1.0;1.0;-1.0;1.0;-1.0;0.9183673469387754;0.08661469350293016;-0.33333333333333337
1.0;-1.0;1.0;-1.0;1.0;1.0;-1.0;0.18367346938775508;-0.24260335684440182;0.33333333333333326
1.0;-1.0;1.0;-1.0;1.0;-1.0;-1.0;-0.9183673469387755;-0.7699014847746459;-1.0
1.0;-0.33333333333333337;-1.0;1.0;1.0;1.0;1.0;-0.8775510204081632;-1.0;-1.0
1.0;-1.0;1.0;-1.0;1.0;1.0;-1.0;-0.020408163265306145;-0.5740961723205134;-1.0
1.0;-0.33333333333333337;-1.0;-1.0;1.0;1.0;-1.0;-0.9591836734693877;-0.798788592930436;0.33333333333333326
-1.0;-0.33333333333333337;-1.0;-1.0;1.0;1.0;1.0;-0.061224489795918324;0.02824511506233507;-1.0
1.0;-0.33333333333333337;-1.0;-1.0;1.0;1.0;-1.0;-0.5102040816326531;-0.5048207985802162;0.33333333333333326
-1.0;0.33333333333333326;1.0;-1.0;-1.0;1.0;-1.0;-0.4693877551020408;-0.813211498610793;0.33333333333333326
1.0;-1.0;1.0;1.0;1.0;1.0;-1.0;-0.7142857142857143;-0.6885295914766169;1.0
1.0;-1.0;-1.0;-1.0;-1.0;1.0;-1.0;-0.8775510204081632;-0.8950882452286285;-1.0
1.0;-1.0;1.0;1.0;1.0;1.0;1.0;-0.26530612244897955;-0.07193058559371623;1.0
-1.0;-1.0;1.0;-1.0;1.0;-1.0;1.0;0.6326530612244898;-0.3742403325493251;0.33333333333333326
-1.0;-1.0;-1.0;1.0;1.0;1.0;-1.0;0.8775510204081634;0.640163817503268;0.33333333333333326
-1.0;0.33333333333333326;-1.0;1.0;-1.0;-1.0;-1.0;0.6734693877551021;0.05294059851789257;0.33333333333333326
-1.0;-0.33333333333333337;-1.0;-1.0;1.0;1.0;1.0;0.1020408163265305;-0.24517064093830443;-1.0
1.0;-1.0;1.0;1.0;1.0;1.0;1.0;0.7551020408163265;0.5294436685044313;-0.33333333333333337
-1.0;-1.0;1.0;1.0;-1.0;1.0;-1.0;-0.5102040816326531;-0.6658301197830747;-1.0
-1.0;-0.33333333333333337;1.0;1.0;1.0;-1.0;-1.0;0.6326530612244898;0.015580764572305617;0.33333333333333326
-1.0;-0.33333333333333337;-1.0;-1.0;1.0;1.0;-1.0;0.30612244897959173;-0.413658123449542;1.0
1.0;-1.0;-1.0;-1.0;-1.0;1.0;-1.0;-0.5102040816326531;-0.21557116306745028;1.0
-1.0;-1.0;1.0;-1.0;1.0;1.0;-1.0;-0.5510204081632653;-0.73923861443058;-0.33333333333333337
1.0;-1.0;1.0;-1.0;1.0;1.0;-1.0;-0.30612244897959184;-0.6083621880349762;-0.33333333333333337
1.0;-1.0;1.0;-1.0;-1.0;1.0;1.0;0.7959183673469388;-0.3457248955492207;-1.0
1.0;-1.0;1.0;1.0;1.0;1.0;-1.0;-0.26530612244897955;-0.08221692896727562;-0.33333333333333337
-1.0;-1.0;1.0;-1.0;1.0;1.0;-1.0;-0.7142857142857143;-0.638281716067671;-1.0
-1.0;-0.33333333333333337;-1.0;1.0;1.0;1.0;1.0;0.9591836734693877;-0.3961035441425743;-1.0
1.0;1.0;1.0;1.0;1.0;-1.0;1.0;-0.5102040816326531;-0.6271419055958705;-1.0
-1.0;-1.0;1.0;-1.0;-1.0;1.0;-1.0;0.4693877551020409;-0.10243515155665694;0.33333333333333326
1.0;-0.33333333333333337;1.0;1.0;-1.0;1.0;1.0;-0.22448979591836737;-0.3185929011841684;-0.33333333333333337
-1.0;-1.0;-1.0;-1.0;1.0;1.0;1.0;-0.5918367346938775;-0.29743517650680384;0.33333333333333326
-1.0;0.33333333333333326;-1.0;-1.0;-1.0;1.0;-1.0;0.4285714285714286;0.027336585570658878;-1.0
1.0;-1.0;1.0;1.0;1.0;1.0;-1.0;0.7551020408163265;0.29275797032446715;0.33333333333333326
-1.0;-1.0;1.0;1.0;1.0;-1.0;-1.0;0.7551020408163265;0.24279917248105476;-1.0
-1.0;-1.0;1.0;-1.0;1.0;1.0;-1.0;-1.0;-0.828759397817017;-1.0
1.0;-1.0;1.0;-1.0;-1.0;-1.0;1.0;-0.8367346938775511;-0.8990152263004145;-0.33333333333333337
1.0;-0.33333333333333337;1.0;1.0;1.0;1.0;1.0;-0.34693877551020413;-0.11017141783426188;0.33333333333333326
-1.0;-1.0;-1.0;-1.0;1.0;1.0;-1.0;-0.30612244897959184;-0.755261770920139;0.33333333333333326
-1.0;0.33333333333333326;1.0;1.0;-1.0;1.0;-1.0;-1.0;-0.6443420207451009;-1.0
1.0;-1.0;1.0;-1.0;1.0;1.0;1.0;0.4693877551020409;-0.25343344135313073;-0.33333333333333337
-1.0;-1.0;1.0;1.0;1.0;1.0;-1.0;-0.6326530612244898;-0.7732052283807407;0.33333333333333326
1.0;-1.0;1.0;1.0;-1.0;1.0;1.0;-0.020408163265306145;-0.6391455073646812;-1.0
1.0;-0.33333333333333337;-1.0;-1.0;1.0;1.0;1.0;0.020408163265306145;-0.03385149913388574;-1.0
-1.0;-1.0;1.0;-1.0;1.0;1.0;-1.0;0.8775510204081634;0.015191886418671308;-0.33333333333333337
1.0;-0.33333333333333337;1.0;1.0;1.0;1.0;-1.0;0.020408163265306145;-0.05770039829038143;1.0
1.0;0.33333333333333326;1.0;1.0;1.0;-1.0;-1.0;0.26530612244897966;0.43226886829058286;-1.0
1.0;-1.0;1.0;-1.0;-1.0;1.0;-1.0;-0.7959183673469388;-0.7238039372708566;-1.0
1.0;-1.0;-1.0;-1.0;1.0;1.0;-1.0;-0.7959183673469388;-0.7361241478019178;-1.0
-1.0;-1.0;1.0;1.0;1.0;1.0;1.0;-0.5102040816326531;-0.3455390599713778;0.33333333333333326
1.0;-0.33333333333333337;-1.0;-1.0;1.0;1.0;-1.0;-0.26530612244897955;0.1121326714604216;0.33333333333333326
1.0;-1.0;1.0;1.0;-1.0;-1.0;1.0;-0.34693877551020413;-0.3007423615124881;1.0
-1.0;-1.0;1.0;1.0;-1.0;1.0;-1.0;0.346938775510204;0.10400064423000321;-1.0
1.0;-0.33333333333333337;-1.0;1.0;1.0;1.0;-1.0;-0.26530612244897955;-0.015195671958220025;0.33333333333333326
1.0;-1.0;1.0;1.0;1.0;1.0;-1.0;0.5510204081632653;0.3150960950610926;-0.33333333333333337
-1.0;-1.0;1.0;-1.0;1.0;1.0;-1.0;0.4693877551020409;0.4723198767153012;-1.0
-1.0;-0.33333333333333337;1.0;-1.0;1.0;-1.0;-1.0;0.5510204081632653;-0.42473254732913834;0.33333333333333326
1.0;-1.0;1.0;-1.0;1.0;1.0;1.0;-0.6734693877551021;-0.8269013861785477;1.0
1.0;-0.33333333333333337;-1.0;1.0;-1.0;-1.0;-1.0;-0.1428571428571429;-0.5782258518281317;-1.0
-1.0;0.33333333333333326;1.0;1.0;1.0;1.0;-1.0;0.8775510204081634;0.40239751985214367;1.0
1.0;0.33333333333333326;-1.0;-1.0;1.0;-1.0;1.0;0.1428571428571428;-0.15646856651425278;0.33333333333333326
-1.0;0.33333333333333326;1.0;1.0;1.0;1.0;-1.0;0.7959183673469388;0.715523585718123;-0.33333333333333337
-1.0;-0.33333333333333337;1.0;-1.0;1.0;-1.0;1.0;-0.26530612244897955;-0.4567823017078462;-0.33333333333333337
-1.0;0.33333333333333326;-1.0;-1.0;1.0;1.0;-1.0;-0.30612244897959184;-0.03592322168687412;-0.33333333333333337
1.0;0.33333333333333326;-1.0;1.0;1.0;-1.0;-1.0;0.18367346938775508;0.37716861946018554;1.0
1.0;-1.0;1.0;-1.0;-1.0;1.0;-1.0;0.18367346938775508;0.16995850876584706;0.33333333333333326
-1.0;-0.33333333333333337;1.0;1.0;1.0;1.0;-1.0;-0.22448979591836737;-0.303340618202698;-1.0
-1.0;-1.0;1.0;-1.0;1.0;1.0;-1.0;0.22448979591836737;0.29361143742270834;-1.0
1.0;-0.33333333333333337;1.0;1.0;1.0;1.0;-1.0;-0.061224489795918324;-0.6875728823906851;1.0
-1.0;0.33333333333333326;-1.0;1.0;1.0;1.0;-1.0;-0.6326530612244898;-0.43780986576992964;-1.0
1.0;-1.0;-1.0;-1.0;-1.0;1.0;-1.0;0.020408163265306145;-0.3725574881499706;0.33333333333333326
1.0;0.33333333333333326;1.0;-1.0;1.0;1.0;1.0;0.7551020408163265;0.25939015990291137;1.0
-1.0;1.0;-1.0;1.0;1.0;1.0;-1.0;0.3877551020408163;-0.5972912055549695;0.33333333333333326
-1.0;1.0;1.0;1.0;-1.0;1.0;-1.0;0.8775510204081634;0.08136311772907567;-1.0
-1.0;-0.33333333333333337;1.0;1.0;1.0;1.0;1.0;0.9591836734693877;0.8752045266793644;0.33333333333333326
-1.0;-0.33333333333333337;1.0;1.0;1.0;1.0;-1.0;0.4285714285714286;-0.09420332373813767;-0.33333333333333337
-1.0;-1.0;1.0;1.0;-1.0;1.0;1.0;-0.9183673469387755;-0.689080215410966;0.33333333333333326
-1.0;-1.0;-1.0;-1.0;1.0;1.0;-1.0;0.5918367346938775;0.1766520309677786;-1.0
-1.0;0.33333333333333326;1.0;-1.0;1.0;1.0;-1.0;0.9183673469387754;0.27881341918707614;-1.0
-1.0;-1.0;-1.0;-1.0;1.0;1.0;-1.0;0.8775510204081634;0.7292616528801332;-0.33333333333333337
1.0;-1.0;1.0;-1.0;1.0;1.0;-1.0;0.3877551020408163;0.10403505822589998;1.0
-1.0;-1.0;1.0;-1.0;-1.0;1.0;-1.0;0.18367346938775508;-0.38821585628302335;-1.0
-1.0;-0.33333333333333337;1.0;1.0;-1.0;-1.0;1.0;-0.5918367346938775;-0.5792410647070878;-0.33333333333333337
1.0;-0.33333333333333337;1.0;1.0;1.0;1.0;1.0;0.8775510204081634;0.5128595638817544;-1.0
1.0;-1.0;1.0;-1.0;1.0;1.0;-1.0;-0.7142857142857143;-0.5213429580102791;-0.33333333333333337
1.0;1.0;1.0;-1.0;1.0;-1.0;1.0;0.6326530612244898;0.589582126334123;-1.0
1.0;-0.33333333333333337;1.0;1.0;-1.0;1.0;-1.0;-0.34693877551020413;-0.47615049859857594;0.33333333333333326
-1.0;-1.0;-1.0;-1.0;1.0;1.0;-1.0;-0.9183673469387755;-0.5235007155530097;0.33333333333333326
1.0;0.33333333333333326;1.0;1.0;1.0;-1.0;-1.0;0.8367346938775511;-0.2870008529508883;-1.0
-1.0;1.0;1.0;1.0;1.0;1.0;-1.0;-0.5102040816326531;-0.2006939926412552;1.0
1.0;0.33333333333333326;1.0;1.0;1.0;1.0;-1.0;0.4285714285714286;-0.20230456764922644;-0.33333333333333337
1.0;-0.33333333333333337;-1.0;1.0;-1.0;1.0;-1.0;0.020408163265306145;0.08123922734384714;0.33333333333333326
1.0;-0.33333333333333337;1.0;-1.0;1.0;-1.0;1.0;0.8367346938775511;0.7070921567234023;0.33333333333333326
1.0;-1.0;1.0;-1.0;1.0;1.0;1.0;-0.3877551020408163;-0.32044093276382757;-0.33333333333333337
1.0;0.33333333333333326;-1.0;1.0;-1.0;-1.0;-1.0;-0.061224489795918324;-0.3687822728000897;0.33333333333333326
-1.0;1.0;1.0;-1.0;1.0;1.0;-1.0;-0.9183673469387755;-0.8923000232810683;0.33333333333333326
1.0;-0.33333333333333337;1.0;1.0;1.0;1.0;-1.0;0.30612244897959173;-0.2618786359462102;-1.0
1.0;0.33333333333333326;1.0;1.0;1.0;1.0;-1.0;-0.7551020408163265;-0.4681974241468211;0.33333333333333326
-1.0;-0.33333333333333337;1.0;-1.0;-1.0;1.0;-1.0;0.7142857142857142;-0.4324447238096155;-1.0
-1.0;-0.33333333333333337;1.0;-1.0;1.0;1.0;-1.0;0.061224489795918435;-0.645498331007234;-0.33333333333333337
1.0;-1.0;1.0;1.0;1.0;1.0;-1.0;-0.7959183673469388;-0.5229707400161986;0.33333333333333326
-1.0;-1.0;1.0;-1.0;-1.0;-1.0;-1.0;-0.10204081632653061;-0.7259616948135871;-1.0
-1.0;-0.33333333333333337;-1.0;-1.0;-1.0;1.0;-1.0;0.26530612244897966;-0.4598967683365083;1.0
-1.0;-0.33333333333333337;-1.0;1.0;-1.0;1.0;-1.0;-0.8775510204081632;-0.9127546700222606;-0.33333333333333337
-1.0;-1.0;1.0;-1.0;-1.0;-1.0;-1.0;-0.10204081632653061;-0.31551284855140305;-1.0
1.0;0.33333333333333326;1.0;-1.0;-1.0;1.0;1.0;-0.6734693877551021;-0.3441521759367361;-0.33333333333333337
1.0;-0.33333333333333337;-1.0;-1.0;1.0;1.0;1.0;-0.9183673469387755;-0.8425318789749241;-0.33333333333333337
1.0;-1.0;-1.0;-1.0;-1.0;-1.0;1.0;-0.7551020408163265;-0.8778767734607523;-0.33333333333333337
-1.0;-0.33333333333333337;-1.0;1.0;1.0;1.0;-1.0;-0.22448979591836737;-0.2534472069514895;-1.0
1.0;-1.0;1.0;-1.0;-1.0;1.0;-1.0;0.5510204081632653;-0.0017776549580501566;-1.0
1.0;-1.0;1.0;1.0;1.0;1.0;-1.0;0.3877551020408163;0.5197733356574252;-1.0
1.0;-1.0;1.0;-1.0;-1.0;1.0;-1.0;-0.8367346938775511;-0.49369819510636415;0.33333333333333326
1.0;-1.0;1.0;1.0;1.0;1.0;-1.0;-0.30612244897959184;-0.33469520986429013;1.0
1.0;0.33333333333333326;1.0;1.0;1.0;1.0;-1.0;-0.34693877551020413;-0.2434017615492079;-0.33333333333333337
-1.0;-0.33333333333333337;1.0;-1.0;1.0;1.0;-1.0;1.0;0.2576212805138147;0.33333333333333326
-1.0;-1.0;-1.0;-1.0;1.0;1.0;-1.0;0.6326530612244898;0.7663358506597766;-1.0
1.0;-0.33333333333333337;1.0;1.0;1.0;1.0;-1.0;-0.10204081632653061;0.11997906252489643;-1.0
-1.0;-1.0;1.0;1.0;1.0;1.0;1.0;-0.061224489795918324;-0.13672181566865793;-1.0
1.0;-1.0;1.0;-1.0;-1.0;-1.0;-1.0;0.020408163265306145;-0.6475803777589916;-1.0
1.0;-1.0;1.0;-1.0;-1.0;1.0;-1.0;0.8367346938775511;0.06930789496641965;0.33333333333333326
-1.0;-1.0;1.0;-1.0;1.0;1.0;1.0;-0.8367346938775511;-0.564979904807446;-0.33333333333333337
1.0;0.33333333333333326;-1.0;-1.0;1.0;1.0;-1.0;0.7142857142857142;0.7773001497525032;-1.0
-1.0;-1.0;-1.0;1.0;1.0;1.0;1.0;0.9183673469387754;0.12507233391762562;-1.0
-1.0;-1.0;1.0;1.0;1.0;1.0;1.0;0.22448979591836737;-0.5353494543402846;0.33333333333333326
-1.0;-1.0;-1.0;1.0;1.0;-1.0;1.0;-0.18367346938775508;-0.15314761591020976;-1.0
1.0;0.33333333333333326;1.0;1.0;1.0;1.0;1.0;0.26530612244897966;-0.04825719781629423;-0.33333333333333337
-1.0;-1.0;1.0;-1.0;-1.0;-1.0;1.0;-0.9183673469387755;-0.5436260203534695;-1.0
-1.0;-0.33333333333333337;1.0;-1.0;-1.0;1.0;-1.0;0.22448979591836737;0.011626596443760961;-0.33333333333333337
1.0;-1.0;1.0;1.0;-1.0;1.0;1.0;-0.18367346938775508;0.027350351169017628;0.33333333333333326
-1.0;-1.0;1.0;-1.0;-1.0;1.0;-1.0;-0.061224489795918324;-0.4224508994011793;-1.0
-1.0;1.0;1.0;1.0;1.0;1.0;-1.0;1.0;1.0;0.33333333333333326
1.0;-1.0;1.0;1.0;1.0;-1.0;-1.0;-0.1428571428571429;-0.6564729542987298;-0.33333333333333337
-1.0;0.33333333333333326;1.0;-1.0;1.0;1.0;-1.0;0.8775510204081634;0.514583705076185;1.0
1.0;-1.0;1.0;1.0;-1.0;1.0;1.0;-0.061224489795918324;-0.6133384518416564;-1.0
1.0;1.0;1.0;1.0;-1.0;1.0;-1.0;0.510204081632653;0.0729557785314825;0.33333333333333326
1.0;-1.0;1.0;-1.0;1.0;-1.0;1.0;0.3877551020408163;-0.558616756966124;-0.33333333333333337
-1.0;-1.0;-1.0;-1.0;-1.0;1.0;1.0;-0.5102040816326531;-0.5254932859154354;-1.0
1.0;-1.0;1.0;1.0;1.0;1.0;-1.0;0.3877551020408163;0.5041012019260138;0.33333333333333326
1.0;-1.0;-1.0;-1.0;-1.0;1.0;1.0;-0.6734693877551021;-0.670599899614374;0.33333333333333326
-1.0;-1.0;1.0;-1.0;1.0;1.0;-1.0;-0.6734693877551021;-0.45609402178990976;-1.0
1.0;-0.33333333333333337;1.0;1.0;1.0;1.0;-1.0;0.1428571428571428;-0.27511770016771664;-0.33333333333333337
-1.0;-0.33333333333333337;1.0;-1.0;1.0;1.0;1.0;0.1428571428571428;0.25999584623069527;-1.0
1.0;-1.0;1.0;-1.0;-1.0;1.0;-1.0;0.3877551020408163;-0.5883022698267204;-1.0
1.0;-1.0;-1.0;1.0;-1.0;1.0;-1.0;-0.22448979591836737;-0.5182525811787447;1.0
1.0;-1.0;1.0;-1.0;1.0;1.0;1.0;-0.8367346938775511;-0.7332712275420716;-0.33333333333333337
1.0;-1.0;-1.0;1.0;-1.0;1.0;1.0;-1.0;-0.6773897810048164;-1.0
1.0;-1.0;-1.0;1.0;1.0;1.0;-1.0;0.8367346938775511;0.8719455212679355;-1.0
-1.0;-1.0;1.0;-1.0;1.0;1.0;1.0;-0.7142857142857143;-0.6577187409501944;-1.0
1.0;-1.0;1.0;1.0;1.0;1.0;-1.0;1.0;0.19252720727498107;-1.0
1.0;-1.0;-1.0;-1.0;1.0;-1.0;-1.0;-0.6326530612244898;-0.4577149209966499;-1.0
1.0;-1.0;-1.0;1.0;-1.0;-1.0;-1.0;0.7551020408163265;-0.33030742538744573;-1.0
1.0;-0.33333333333333337;1.0;1.0;1.0;1.0;-1.0;0.6326530612244898;-0.03264012647831782;-0.33333333333333337
1.0;-1.0;1.0;1.0;1.0;1.0;-1.0;-0.8367346938775511;-0.675848033988639;-1.0
1.0;-0.33333333333333337;-1.0;-1.0;-1.0;1.0;-1.0;-0.5918367346938775;-0.7191373994272479;-0.33333333333333337
1.0;-1.0;1.0;-1.0;1.0;1.0;-1.0;-0.7959183673469388;-0.8344631734969558;-1.0
1.0;1.0;1.0;-1.0;1.0;1.0;-1.0;-0.6326530612244898;-0.5665182104240338;-1.0
-1.0;1.0;1.0;1.0;-1.0;1.0;-1.0;-0.6326530612244898;-0.6509735977544179;-1.0
-1.0;-1.0;1.0;1.0;1.0;1.0;1.0;-0.10204081632653061;-0.07908525534066502;1.0
1.0;-0.33333333333333337;-1.0;1.0;1.0;-1.0;-1.0;-0.1428571428571429;-0.08185902340994855;-1.0
-1.0;-1.0;1.0;1.0;1.0;1.0;-1.0;-0.30612244897959184;-0.18836345791142484;-1.0
-1.0;-1.0;-1.0;1.0;-1.0;-1.0;-1.0;-0.22448979591836737;-0.26878896632229143;0.33333333333333326
1.0;-1.0;1.0;-1.0;1.0;1.0;-1.0;0.18367346938775508;0.2770996021914145;0.33333333333333326
-1.0;-1.0;1.0;-1.0;1.0;1.0;-1.0;-0.020408163265306145;0.18021043814350945;-0.33333333333333337
-1.0;-1.0;1.0;-1.0;1.0;1.0;1.0;1.0;0.32548223902275275;-1.0
1.0;0.33333333333333326;1.0;-1.0;1.0;1.0;-1.0;0.5918367346938775;0.5438183945905328;1.0
-1.0;0.33333333333333326;-1.0;1.0;1.0;1.0;-1.0;0.18367346938775508;-0.2284179077357329;-1.0
1.0;-1.0;1.0;1.0;1.0;1.0;-1.0;1.0;0.5644736749278036;0.33333333333333326
1.0;-0.33333333333333337;-1.0;-1.0;1.0;1.0;-1.0;0.5510204081632653;-0.3160565896865728;-1.0
1.0;0.33333333333333326;-1.0;1.0;-1.0;1.0;1.0;-0.22448979591836737;-0.20822377494347932;-1.0
1.0;-1.0;-1.0;1.0;-1.0;-1.0;-1.0;-0.6326530612244898;-0.7499723397507979;-1.0
-1.0;-1.0;1.0;1.0;-1.0;1.0;1.0;0.6734693877551021;-0.13362111463835447;-1.0
1.0;-1.0;-1.0;-1.0;-1.0;1.0;1.0;-0.4693877551020408;-0.17560618963247387;-0.33333333333333337
1.0;1.0;1.0;-1.0;-1.0;1.0;1.0;-0.4693877551020408;-0.6887498410503564;-1.0
-1.0;-0.33333333333333337;1.0;1.0;1.0;1.0;-1.0;-0.4285714285714286;-0.126225546920128;-1.0
-1.0;0.33333333333333326;-1.0;-1.0;1.0;-1.0;-1.0;0.5918367346938775;0.253495042405786;1.0
-1.0;-1.0;-1.0;-1.0;1.0;1.0;1.0;0.26530612244897966;-0.5974563927352743;-0.33333333333333337
1.0;-0.33333333333333337;-1.0;1.0;1.0;1.0;-1.0;0.9183673469387754;0.6257753258188079;0.33333333333333326
-1.0;-1.0;1.0;-1.0;1.0;1.0;1.0;-0.8367346938775511;-0.5576875790769098;0.33333333333333326
-1.0;0.33333333333333326;1.0;-1.0;1.0;-1.0;-1.0;-0.6734693877551021;-0.5507841315000079;0.33333333333333326
1.0;-1.0;1.0;1.0;1.0;1.0;-1.0;-0.7959183673469388;-0.7312442431837489;-1.0
-1.0;0.33333333333333326;1.0;1.0;-1.0;-1.0;-1.0;-0.6734693877551021;-0.7837049385288601;0.33333333333333326
-1.0;-1.0;-1.0;1.0;1.0;1.0;-1.0;0.6734693877551021;0.7556950431284799;-1.0
1.0;-1.0;1.0;1.0;1.0;1.0;-1.0;1.0;0.04099894194169629;-0.33333333333333337
-1.0;-1.0;1.0;1.0;1.0;1.0;-1.0;-0.34693877551020413;-0.4853768908985133;-1.0
1.0;0.33333333333333326;1.0;1.0;1.0;-1.0;-1.0;0.30612244897959173;-0.21497235953884553;0.33333333333333326
1.0;1.0;-1.0;1.0;1.0;1.0;1.0;0.1428571428571428;0.1273918372410714;-1.0
-1.0;-1.0;-1.0;1.0;-1.0;-1.0;-1.0;-0.7959183673469388;-0.9107975460756086;1.0
1.0;0.33333333333333326;1.0;-1.0;-1.0;1.0;-1.0;-0.6734693877551021;-0.4366363485098481;-1.0
1.0;-0.33333333333333337;1.0;-1.0;1.0;1.0;-1.0;-0.10204081632653061;-0.4723374278532084;1.0
1.0;-0.33333333333333337;1.0;1.0;-1.0;1.0;-1.0;-0.26530612244897955;-0.4384293176960724;1.0
1.0;-1.0;-1.0;-1.0;1.0;1.0;1.0;0.9183673469387754;0.8121546447968016;-1.0
-1.0;-0.33333333333333337;1.0;1.0;1.0;1.0;1.0;0.1020408163265305;0.06833397888253989;-0.33333333333333337
1.0;-1.0;1.0;-1.0;-1.0;1.0;1.0;-0.7959183673469388;-0.6807657940022944;0.33333333333333326
-1.0;-0.33333333333333337;1.0;-1.0;-1.0;-1.0;-1.0;-0.020408163265306145;-0.5571369551425607;-0.33333333333333337
-1.0;0.33333333333333326;-1.0;-1.0;1.0;1.0;1.0;-0.8775510204081632;-0.8067691985789085;1.0
-1.0;-1.0;-1.0;1.0;-1.0;1.0;-1.0;0.7959183673469388;-0.33757910272044356;-1.0
-1.0;1.0;-1.0;-1.0;1.0;1.0;-1.0;0.26530612244897966;-0.2744259788501905;0.33333333333333326
-1.0;-0.33333333333333337;1.0;-1.0;-1.0;1.0;1.0;-0.5918367346938775;-0.36826950426122695;0.33333333333333326
-1.0;-0.33333333333333337;-1.0;-1.0;-1.0;1.0;1.0;-0.18367346938775508;-0.43280951216612185;1.0
1.0;-0.33333333333333337;-1.0;-1.0;-1.0;-1.0;-1.0;-0.26530612244897955;-0.7538473556887798;-1.0
1.0;1.0;1.0;-1.0;1.0;1.0;-1.0;-0.8367346938775511;-0.5813196700592557;-1.0
-1.0;-0.33333333333333337;1.0;-1.0;1.0;1.0;1.0;-0.10204081632653061;-0.17860364867508693;-0.33333333333333337
-1.0;-0.33333333333333337;1.0;-1.0;-1.0;1.0;-1.0;-0.10204081632653061;-0.42879684024455267;-1.0
-1.0;-1.0;1.0;1.0;1.0;1.0;1.0;0.7142857142857142;0.4228187850173164;-1.0
1.0;-1.0;-1.0;1.0;1.0;-1.0;-1.0;-0.7959183673469388;-0.512980357007352;-1.0
1.0;-1.0;1.0;1.0;-1.0;-1.0;-1.0;-0.8775510204081632;-0.5557982507021746;-0.33333333333333337
1.0;-0.33333333333333337;-1.0;1.0;1.0;1.0;-1.0;0.6326530612244898;-0.02901633271038262;-1.0
-1.0;1.0;-1.0;-1.0;1.0;1.0;-1.0;0.22448979591836737;-0.12650774168648193;-1.0
-1.0;-0.33333333333333337;1.0;1.0;-1.0;1.0;-1.0;0.8367346938775511;0.01903248836075644;-1.0
1.0;-0.33333333333333337;-1.0;1.0;-1.0;1.0;1.0;-0.9183673469387755;-0.5987813315773018;1.0
-1.0;1.0;-1.0;-1.0;1.0;1.0;1.0;1.0;0.9180052133762384;0.33333333333333326
-1.0;-1.0;-1.0;1.0;1.0;1.0;-1.0;0.7959183673469388;0.768194206438205;-1.0
1.0;-0.33333333333333337;1.0;-1.0;1.0;1.0;-1.0;-0.26530612244897955;-0.7170415870771316;-1.0
1.0;-1.0;1.0;1.0;-1.0;1.0;-1.0;-0.4693877551020408;-0.19487802733469273;-0.33333333333333337
-1.0;-1.0;1.0;1.0;1.0;1.0;-1.0;-0.020408163265306145;-0.24143672238349956;-1.0
1.0;0.33333333333333326;1.0;1.0;-1.0;1.0;1.0;-1.0;-0.850355212662148;-1.0
-1.0;1.0;-1.0;-1.0;1.0;1.0;1.0;0.1428571428571428;-0.18478440233815563;-0.33333333333333337
1.0;-0.33333333333333337;1.0;1.0;1.0;1.0;-1.0;-0.7142857142857143;-0.40285212873794074;-0.33333333333333337
-1.0;0.33333333333333326;-1.0;-1.0;1.0;-1.0;1.0;0.9183673469387754;-0.33019041780139646;-1.0
1.0;-0.33333333333333337;1.0;-1.0;-1.0;1.0;1.0;-0.10204081632653061;0.09980901952977073;-0.33333333333333337
1.0;-1.0;1.0;-1.0;-1.0;-1.0;-1.0;-0.4285714285714286;-0.4041701847807888;-0.33333333333333337
-1.0;-1.0;1.0;-1.0;1.0;1.0;-1.0;-1.0;-0.6353496436172619;-1.0
1.0;-1.0;1.0;1.0;1.0;-1.0;-1.0;0.8775510204081634;0.6966199777720001;-0.33333333333333337
-1.0;-1.0;1.0;-1.0;1.0;1.0;1.0;0.020408163265306145;0.17563681808882237;1.0
-1.0;-1.0;1.0;-1.0;1.0;1.0;-1.0;-0.8367346938775511;-0.6997451127393901;1.0
1.0;-0.33333333333333337;1.0;-1.0;-1.0;-1.0;-1.0;-0.7142857142857143;-0.846113343527906;-1.0
1.0;-1.0;1.0;1.0;1.0;1.0;1.0;-0.1428571428571429;-0.3233695638146469;-0.33333333333333337
-1.0;-1.0;1.0;-1.0;-1.0;1.0;-1.0;0.6326530612244898;-0.20023972789541722;1.0
1.0;-1.0;1.0;-1.0;1.0;-1.0;-1.0;-0.3877551020408163;-0.6860655493704045;-0.33333333333333337
-1.0;0.33333333333333326;1.0;1.0;1.0;1.0;-1.0;0.3877551020408163;0.10633735455139726;-0.33333333333333337
1.0;-1.0;-1.0;-1.0;1.0;1.0;-1.0;-0.7959183673469388;-0.7073093090375111;-1.0
-1.0;-1.0;-1.0;1.0;1.0;-1.0;-1.0;0.061224489795918435;0.17831422696959476;-1.0
1.0;0.33333333333333326;1.0;1.0;1.0;1.0;1.0;0.346938775510204;0.4216280607592864;0.33333333333333326
-1.0;-0.33333333333333337;1.0;-1.0;1.0;1.0;-1.0;-0.6734693877551021;-0.4515616985302986;-1.0
1.0;-0.33333333333333337;1.0;-1.0;1.0;-1.0;1.0;-0.020408163265306145;-0.39839207486971284;-1.0
1.0;-0.33333333333333337;1.0;1.0;1.0;1.0;1.0;-0.34693877551020413;-0.05242129131980933;-1.0
-1.0;0.33333333333333326;-1.0;1.0;1.0;1.0;1.0;0.4693877551020409;-0.32654597563592325;0.33333333333333326
1.0;0.33333333333333326;1.0;-1.0;-1.0;-1.0;-1.0;-1.0;-0.8752482324541533;0.33333333333333326
-1.0;-1.0;-1.0;1.0;-1.0;1.0;-1.0;0.18367346938775508;-0.5827203196922562;0.33333333333333326
-1.0;-1.0;1.0;-1.0;1.0;1.0;-1.0;-0.7551020408163265;-0.7021988306468334;-1.0
-1.0;-1.0;1.0;1.0;1.0;1.0;1.0;-0.9591836734693877;-0.8916575139776746;-0.33333333333333337
-1.0;-0.33333333333333337;1.0;-1.0;1.0;-1.0;-1.0;-0.22448979591836737;-0.6443179309479732;-1.0
-1.0;-0.33333333333333337;1.0;-1.0;1.0;-1.0;-1.0;0.1020408163265305;-0.16658972270750727;-1.0
1.0;0.33333333333333326;1.0;-1.0;1.0;1.0;1.0;0.26530612244897966;0.2543244197068997;1.0
-1.0;0.33333333333333326;-1.0;-1.0;1.0;1.0;-1.0;1.0;0.8027389755194319;1.0
-1.0;0.33333333333333326;1.0;-1.0;-1.0;1.0;-1.0;-0.30612244897959184;-0.7760822384377147;-1.0
1.0;-1.0;-1.0;1.0;1.0;1.0;-1.0;0.8367346938775511;0.6210055459875088;0.33333333333333326
1.0;0.33333333333333326;-1.0;1.0;1.0;1.0;-1.0;-0.18367346938775508;-0.26811101060312414;-1.0
1.0;-0.33333333333333337;-1.0;1.0;1.0;1.0;-1.0;0.22448979591836737;-0.28869058014942206;0.33333333333333326
-1.0;-1.0;-1.0;-1.0;1.0;1.0;-1.0;-0.5918367346938775;-0.7623200814785767;-0.33333333333333337
1.0;-0.33333333333333337;1.0;-1.0;1.0;1.0;-1.0;0.1428571428571428;-0.1174706263639772;-1.0
1.0;-1.0;-1.0;-1.0;1.0;1.0;-1.0;0.9591836734693877;0.08859005686740762;-0.33333333333333337
-1.0;-0.33333333333333337;-1.0;1.0;-1.0;1.0;-1.0;0.7551020408163265;-0.11397072298127064;0.33333333333333326
-1.0;0.33333333333333326;-1.0;1.0;1.0;1.0;-1.0;-1.0;-0.6181529698676215;0.33333333333333326
-1.0;-0.33333333333333337;1.0;1.0;1.0;-1.0;-1.0;0.4693877551020409;-0.5518440825736299;-1.0
1.0;0.33333333333333326;-1.0;1.0;1.0;1.0;1.0;0.1020408163265305;0.2944511389225908;-1.0
1.0;-1.0;-1.0;1.0;1.0;1.0;-1.0;0.7142857142857142;-0.4116621116875264;0.33333333333333326
-1.0;-0.33333333333333337;-1.0;-1.0;1.0;1.0;1.0;0.1020408163265305;0.12447353038902098;-0.33333333333333337
-1.0;-1.0;-1.0;-1.0;1.0;-1.0;-1.0;-0.4693877551020408;-0.3751247722438734;0.33333333333333326
1.0;1.0;-1.0;1.0;1.0;1.0;1.0;-0.1428571428571429;-0.4171270542359413;-1.0
1.0;-1.0;-1.0;1.0;1.0;1.0;-1.0;0.4285714285714286;0.1387312488890733;0.33333333333333326
1.0;0.33333333333333326;1.0;1.0;-1.0;-1.0;1.0;-0.30612244897959184;-0.38506697565846437;-1.0
-1.0;-0.33333333333333337;1.0;1.0;1.0;-1.0;1.0;-0.7142857142857143;-0.7925011558800872;-0.33333333333333337
1.0;-0.33333333333333337;-1.0;-1.0;1.0;1.0;-1.0;-0.4285714285714286;-0.34567327455537544;-1.0
1.0;1.0;1.0;-1.0;1.0;1.0;-1.0;-0.26530612244897955;-0.1919287478863354;-1.0
-1.0;-0.33333333333333337;-1.0;-1.0;-1.0;1.0;-1.0;-0.7551020408163265;-0.8468233042632575;-1.0
1.0;-1.0;1.0;-1.0;1.0;-1.0;1.0;-0.1428571428571429;0.02684790682892424;-0.33333333333333337
1.0;-1.0;1.0;-1.0;-1.0;1.0;1.0;-0.7551020408163265;-0.44062837203387917;-1.0
-1.0;0.33333333333333326;-1.0;-1.0;1.0;-1.0;1.0;0.5918367346938775;0.5773651577907521;-0.33333333333333337
-1.0;-0.33333333333333337;1.0;-1.0;-1.0;1.0;-1.0;-0.6326530612244898;-0.5339763359040014;1.0
-1.0;0.33333333333333326;1.0;1.0;1.0;1.0;-1.0;0.9591836734693877;0.643464119709773;1.0
-1.0;-1.0;1.0;-1.0;1.0;1.0;1.0;-1.0;-0.7733084703684311;0.33333333333333326
-1.0;-0.33333333333333337;1.0;-1.0;1.0;-1.0;-1.0;-0.3877551020408163;-0.15591105978072428;-1.0
1.0;1.0;1.0;-1.0;1.0;1.0;-1.0;0.22448979591836737;-0.5578906216527011;0.33333333333333326
-1.0;1.0;1.0;-1.0;-1.0;1.0;-1.0;-0.7959183673469388;-0.4484197007049191;-0.33333333333333337
1.0;-0.33333333333333337;1.0;-1.0;1.0;-1.0;1.0;0.061224489795918435;-0.25411483847188787;-0.33333333333333337
1.0;-1.0;1.0;-1.0;-1.0;-1.0;1.0;-0.1428571428571429;-0.24680186434381368;0.33333333333333326
1.0;-1.0;1.0;1.0;1.0;-1.0;1.0;0.9183673469387754;0.13795693398139486;-0.33333333333333337
1.0;1.0;1.0;1.0;1.0;1.0;1.0;0.7142857142857142;0.1198276409429504;0.33333333333333326
1.0;-1.0;1.0;-1.0;-1.0;1.0;1.0;-0.9183673469387755;-0.5467542525804905;-1.0
-1.0;1.0;1.0;-1.0;1.0;1.0;-1.0;0.1020408163265305;-0.17920245220369158;-1.0
1.0;0.33333333333333326;1.0;1.0;1.0;-1.0;-1.0;0.9591836734693877;0.49122348466142385;-0.33333333333333337
1.0;-1.0;1.0;1.0;1.0;1.0;-1.0;0.8775510204081634;0.6549721599376694;-1.0
-1.0;-1.0;1.0;-1.0;1.0;1.0;-1.0;0.346938775510204;-0.5043493268364297;-1.0
1.0;0.33333333333333326;1.0;1.0;1.0;1.0;-1.0;-0.34693877551020413;-0.35907752595718656;0.33333333333333326
-1.0;-0.33333333333333337;1.0;-1.0;1.0;1.0;-1.0;0.9183673469387754;0.28584419854879606;-0.33333333333333337
1.0;0.33333333333333326;1.0;1.0;1.0;-1.0;1.0;0.30612244897959173;0.19523558875206093;-1.0
-1.0;-1.0;1.0;-1.0;1.0;-1.0;-1.0;0.9591836734693877;0.3826025894122933;-1.0
1.0;-1.0;1.0;-1.0;1.0;-1.0;1.0;0.8367346938775511;0.1327948345968719;-1.0
-1.0;-1.0;-1.0;-1.0;-1.0;1.0;-1.0;0.4285714285714286;-0.3451777130144612;-0.33333333333333337
-1.0;-1.0;-1.0;1.0;-1.0;1.0;1.0;-0.3877551020408163;-0.09859799101416156;-1.0
1.0;-0.33333333333333337;1.0;-1.0;1.0;1.0;1.0;-0.18367346938775508;-0.33202124238310726;-1.0
-1.0;0.33333333333333326;-1.0;-1.0;1.0;1.0;1.0;0.5510204081632653;-0.3257062741360409;-0.33333333333333337
1.0;-0.33333333333333337;-1.0;1.0;1.0;1.0;-1.0;0.22448979591836737;0.3092044189635572;-0.33333333333333337
-1.0;1.0;1.0;1.0;-1.0;1.0;1.0;0.26530612244897966;-0.1333079472756934;-1.0
-1.0;0.33333333333333326;1.0;-1.0;1.0;1.0;1.0;0.4693877551020409;0.5545452371115713;0.33333333333333326
-1.0;1.0;1.0;-1.0;-1.0;1.0;-1.0;-0.061224489795918324;-0.3839244309946901;-1.0
1.0;0.33333333333333326;-1.0;-1.0;1.0;1.0;-1.0;-0.9591836734693877;-0.8424348315064951;-1.0
-1.0;-1.0;-1.0;1.0;-1.0;1.0;-1.0;0.3877551020408163;0.006244247485498455;1.0
-1.0;-1.0;1.0;1.0;1.0;-1.0;-1.0;0.3877551020408163;-0.38818488368671633;-0.33333333333333337
-1.0;-0.33333333333333337;-1.0;1.0;1.0;1.0;-1.0;0.8775510204081634;0.6039189970247381;0.33333333333333326
1.0;-0.33333333333333337;1.0;-1.0;1.0;1.0;1.0;0.5510204081632653;-0.48707005949663673;1.0
1.0;-0.33333333333333337;1.0;-1.0;-1.0;1.0;-1.0;0.5510204081632653;-0.1530409325229296;0.33333333333333326
-1.0;-0.33333333333333337;1.0;-1.0;1.0;1.0;-1.0;-0.9591836734693877;-0.7406977678566051;-1.0
-1.0;-0.33333333333333337;1.0;1.0;1.0;-1.0;-1.0;0.5510204081632653;0.5928548973439107;-0.33333333333333337
1.0;-1.0;1.0;1.0;1.0;-1.0;-1.0;-0.6326530612244898;-0.5749668464167028;0.33333333333333326
-1.0;-1.0;-1.0;1.0;-1.0;1.0;-1.0;0.6734693877551021;-0.14471962831507867;-0.33333333333333337
1.0;-1.0;1.0;1.0;1.0;1.0;1.0;0.5510204081632653;0.4707161845065093;-1.0
1.0;-0.33333333333333337;1.0;-1.0;1.0;1.0;1.0;-0.8775510204081632;-0.7843175076558235;-1.0
1.0;-1.0;1.0;-1.0;1.0;-1.0;1.0;0.8775510204081634;5.661102325049683E-5;1.0
1.0;-1.0;1.0;-1.0;1.0;1.0;-1.0;0.7959183673469388;0.44043875091648776;-1.0
-1.0;-1.0;-1.0;-1.0;1.0;1.0;-1.0;0.061224489795918435;0.15078647165172887;0.33333333333333326
-1.0;-1.0;-1.0;-1.0;-1.0;-1.0;-1.0;-0.7551020408163265;-0.905631661151537;-1.0
-1.0;-1.0;1.0;-1.0;-1.0;1.0;-1.0;0.3877551020408163;-0.1947266057527468;-1.0
-1.0;1.0;1.0;-1.0;1.0;1.0;-1.0;1.0;0.4517334243698239;0.33333333333333326
1.0;-1.0;1.0;1.0;1.0;1.0;-1.0;-0.061224489795918324;-0.45446623978399026;-1.0
-1.0;-0.33333333333333337;-1.0;-1.0;-1.0;-1.0;1.0;0.6326530612244898;-0.029866358409033955;-0.33333333333333337
1.0;-1.0;-1.0;-1.0;-1.0;1.0;-1.0;-0.10204081632653061;-0.31828317522109695;0.33333333333333326
1.0;1.0;1.0;-1.0;-1.0;1.0;1.0;-0.9591836734693877;-0.5535613409688813;-1.0
-1.0;-1.0;1.0;-1.0;-1.0;1.0;-1.0;-0.9183673469387755;-0.8315224975475726;1.0
-1.0;-0.33333333333333337;-1.0;1.0;1.0;1.0;-1.0;0.5510204081632653;-0.25911519207569567;-1.0
-1.0;-1.0;1.0;1.0;1.0;1.0;-1.0;0.1428571428571428;-0.05123056706177942;0.33333333333333326
1.0;-1.0;1.0;-1.0;-1.0;1.0;-1.0;-0.5102040816326531;-0.6698875298993099;-0.33333333333333337
-1.0;-0.33333333333333337;1.0;1.0;1.0;1.0;-1.0;-0.10204081632653061;0.026314489892523607;-0.33333333333333337
-1.0;-0.33333333333333337;1.0;-1.0;-1.0;1.0;-1.0;-0.26530612244897955;-0.2461067016266979;-1.0
-1.0;-1.0;-1.0;1.0;-1.0;1.0;1.0;0.5918367346938775;0.14371783689452244;1.0
1.0;-1.0;-1.0;-1.0;-1.0;1.0;-1.0;0.26530612244897966;-0.632634379341003;-1.0
1.0;-1.0;-1.0;1.0;-1.0;-1.0;-1.0;0.7551020408163265;-0.1347120383082836;-0.33333333333333337
1.0;-1.0;-1.0;1.0;-1.0;1.0;-1.0;-0.5510204081632653;-0.668662391645383;-1.0
-1.0;-1.0;1.0;-1.0;1.0;-1.0;-1.0;0.22448979591836737;-0.6242304815429998;-1.0
-1.0;-1.0;1.0;-1.0;1.0;1.0;-1.0;0.5510204081632653;0.3515783721113108;-1.0
1.0;-0.33333333333333337;-1.0;1.0;-1.0;1.0;-1.0;-0.10204081632653061;-0.4086680940445032;-1.0
-1.0;-0.33333333333333337;1.0;1.0;1.0;-1.0;-1.0;0.6326530612244898;0.14371783689452244;1.0
-1.0;-1.0;1.0;1.0;1.0;-1.0;1.0;0.7142857142857142;-0.4136202680540554;0.33333333333333326
-1.0;1.0;-1.0;1.0;-1.0;-1.0;1.0;0.6326530612244898;-0.29608614786764853;-1.0
-1.0;-0.33333333333333337;1.0;1.0;-1.0;-1.0;1.0;1.0;-0.3643153361326824;1.0
1.0;0.33333333333333326;1.0;1.0;1.0;-1.0;-1.0;-0.10204081632653061;-0.2857585076990131;-1.0
1.0;-1.0;1.0;-1.0;1.0;1.0;-1.0;0.22448979591836737;0.003787088178465403;0.33333333333333326
-1.0;-1.0;-1.0;-1.0;1.0;1.0;-1.0;0.8775510204081634;0.8043357849290445;-0.33333333333333337
1.0;-0.33333333333333337;1.0;1.0;1.0;-1.0;1.0;0.020408163265306145;0.13723079866797194;-1.0
-1.0;0.33333333333333326;-1.0;-1.0;-1.0;1.0;1.0;-0.34693877551020413;-0.5021296241010849;-1.0
1.0;0.33333333333333326;-1.0;1.0;-1.0;-1.0;1.0;-0.6734693877551021;-0.4992904694395973;1.0
1.0;-1.0;1.0;1.0;-1.0;1.0;-1.0;0.22448979591836737;0.15576617685799876;-1.0
1.0;-1.0;-1.0;-1.0;-1.0;-1.0;1.0;-0.30612244897959184;-0.458320607324434;-1.0
-1.0;-1.0;1.0;-1.0;1.0;1.0;-1.0;-0.7551020408163265;-0.6954227148547497;1.0
1.0;1.0;1.0;1.0;1.0;1.0;-1.0;0.18367346938775508;0.08695883346189826;1.0
1.0;1.0;-1.0;-1.0;1.0;1.0;-1.0;0.3877551020408163;0.4055326348783439;-0.33333333333333337
1.0;1.0;-1.0;-1.0;1.0;1.0;-1.0;-0.4693877551020408;-0.40298290192234865;-1.0
-1.0;1.0;1.0;1.0;-1.0;-1.0;-1.0;-0.061224489795918324;-0.4160017165701153;-0.33333333333333337
1.0;1.0;1.0;-1.0;1.0;-1.0;-1.0;-0.7959183673469388;-0.7914928258003104;0.33333333333333326
-1.0;-1.0;-1.0;1.0;-1.0;1.0;1.0;-0.6326530612244898;-0.5476524578733974;-0.33333333333333337
1.0;-1.0;-1.0;1.0;1.0;1.0;1.0;-0.8367346938775511;-0.9211922935362429;-1.0
-1.0;-1.0;-1.0;1.0;1.0;1.0;-1.0;1.0;0.8266188472722349;0.33333333333333326
-1.0;-1.0;1.0;1.0;-1.0;1.0;-1.0;-0.6734693877551021;-0.6040879697445913;-1.0
-1.0;1.0;1.0;-1.0;1.0;1.0;-1.0;0.6326530612244898;0.4263668679942785;-1.0
1.0;0.33333333333333326;1.0;-1.0;1.0;1.0;1.0;-0.6326530612244898;-0.48225898287026137;-1.0
1.0;-1.0;-1.0;-1.0;1.0;-1.0;1.0;-0.26530612244897955;-0.7412415089917749;-0.33333333333333337
1.0;0.33333333333333326;1.0;1.0;-1.0;-1.0;-1.0;-0.4693877551020408;-0.386250817117315;-0.33333333333333337
-1.0;-0.33333333333333337;1.0;1.0;1.0;-1.0;-1.0;-0.5918367346938775;-0.28813995621507293;0.33333333333333326
1.0;-0.33333333333333337;1.0;-1.0;1.0;1.0;1.0;0.5918367346938775;-0.42878307464619403;-1.0
1.0;-1.0;1.0;1.0;1.0;1.0;1.0;0.8775510204081634;0.5120370693798204;-1.0
1.0;-1.0;-1.0;-1.0;1.0;-1.0;-1.0;0.26530612244897966;0.25348815960660676;-0.33333333333333337
1.0;-1.0;1.0;1.0;-1.0;1.0;-1.0;-0.8367346938775511;-0.7798608951871855;-0.33333333333333337
-1.0;-1.0;1.0;1.0;1.0;1.0;-1.0;0.6326530612244898;0.33961262573798656;-1.0
1.0;-0.33333333333333337;-1.0;1.0;-1.0;1.0;-1.0;-0.9183673469387755;-0.5792789201025743;-0.33333333333333337
-1.0;0.33333333333333326;1.0;-1.0;1.0;1.0;-1.0;0.061224489795918435;-0.12332100566643645;-1.0
-1.0;-0.33333333333333337;1.0;-1.0;1.0;-1.0;-1.0;0.9183673469387754;-0.1447402767126168;1.0
-1.0;-1.0;1.0;1.0;-1.0;-1.0;-1.0;0.4285714285714286;-0.06496519282419999;0.33333333333333326
-1.0;-1.0;1.0;1.0;-1.0;1.0;1.0;-0.34693877551020413;-0.5768974715865144;-0.33333333333333337
1.0;0.33333333333333326;-1.0;-1.0;1.0;1.0;1.0;-0.30612244897959184;-0.2136508620964076;0.33333333333333326
1.0;-0.33333333333333337;1.0;-1.0;1.0;-1.0;1.0;0.22448979591836737;-0.17728559263223875;-1.0
-1.0;-0.33333333333333337;1.0;1.0;1.0;1.0;-1.0;0.8775510204081634;0.8360930203426293;-0.33333333333333337
1.0;-0.33333333333333337;-1.0;1.0;1.0;1.0;1.0;0.1428571428571428;-0.5927072613015132;-1.0
-1.0;0.33333333333333326;1.0;-1.0;-1.0;1.0;1.0;-0.020408163265306145;-0.20420077882314114;-1.0
1.0;-1.0;1.0;1.0;1.0;-1.0;-1.0;0.18367346938775508;-0.3797224820956884;-1.0
1.0;-0.33333333333333337;-1.0;1.0;1.0;1.0;1.0;-0.7959183673469388;-0.7686453739244121;0.33333333333333326
1.0;-1.0;1.0;1.0;-1.0;-1.0;1.0;-0.30612244897959184;-0.6054335569841569;-1.0
-1.0;-1.0;-1.0;1.0;1.0;-1.0;1.0;0.8775510204081634;-0.09141923147008502;-0.33333333333333337
-1.0;1.0;1.0;-1.0;-1.0;1.0;-1.0;-1.0;-0.7555542898852621;-0.33333333333333337
1.0;-1.0;1.0;1.0;-1.0;1.0;-1.0;-0.9591836734693877;-0.6419949862249379;-0.33333333333333337
1.0;-1.0;1.0;-1.0;1.0;-1.0;1.0;-0.10204081632653061;-0.16028507865921005;-0.33333333333333337
1.0;-1.0;1.0;1.0;1.0;1.0;-1.0;0.18367346938775508;0.365130603695478;-1.0
-1.0;0.33333333333333326;1.0;1.0;1.0;1.0;-1.0;0.020408163265306145;0.07601518276670971;-1.0
1.0;-0.33333333333333337;-1.0;1.0;-1.0;1.0;1.0;-0.18367346938775508;-0.026476579813197287;-1.0
-1.0;0.33333333333333326;1.0;-1.0;1.0;1.0;-1.0;-0.8775510204081632;-0.6289176677841465;-1.0
1.0;0.33333333333333326;1.0;1.0;1.0;1.0;-1.0;-0.10204081632653061;-0.07596390591282354;-1.0
-1.0;-0.33333333333333337;1.0;-1.0;1.0;1.0;-1.0;0.3877551020408163;0.3320036912452;-1.0
-1.0;-0.33333333333333337;1.0;-1.0;-1.0;1.0;-1.0;-0.30612244897959184;-0.11262513574170507;0.33333333333333326
1.0;0.33333333333333326;1.0;1.0;1.0;-1.0;-1.0;0.4285714285714286;0.5127494390948844;1.0
-1.0;0.33333333333333326;-1.0;1.0;1.0;1.0;-1.0;-0.18367346938775508;-3.70122525870209E-4;-1.0
1.0;-1.0;1.0;1.0;-1.0;-1.0;-1.0;-0.020408163265306145;-0.1766661407060961;1.0
1.0;-0.33333333333333337;-1.0;1.0;1.0;-1.0;1.0;0.020408163265306145;0.15375639949762454;-1.0
-1.0;-1.0;-1.0;-1.0;-1.0;1.0;-1.0;0.6734693877551021;-0.2418290419367234;-1.0
-1.0;0.33333333333333326;-1.0;1.0;1.0;1.0;1.0;0.6734693877551021;0.5923386874054584;-1.0
1.0;-1.0;-1.0;-1.0;1.0;1.0;1.0;-0.7551020408163265;-0.609814458661822;-1.0
-1.0;-1.0;1.0;1.0;1.0;1.0;-1.0;-0.6326530612244898;-0.764188761455774;-1.0
-1.0;-0.33333333333333337;1.0;1.0;1.0;1.0;1.0;-0.4285714285714286;-0.7159678704051509;-1.0
-1.0;-1.0;1.0;-1.0;1.0;1.0;-1.0;0.9183673469387754;0.9457807494645611;-1.0
1.0;1.0;-1.0;-1.0;1.0;1.0;-1.0;-1.0;-0.7010803757801867;-0.33333333333333337
1.0;-0.33333333333333337;1.0;-1.0;1.0;1.0;-1.0;0.9591836734693877;0.4436564595328405;-0.33333333333333337
1.0;-1.0;1.0;1.0;-1.0;1.0;1.0;-0.061224489795918324;-0.36466980029041973;-1.0
-1.0;1.0;1.0;1.0;1.0;-1.0;1.0;0.8775510204081634;-0.3275543057157001;-1.0
-1.0;-1.0;1.0;1.0;-1.0;1.0;1.0;-0.7959183673469388;-0.5513863764282023;-1.0
-1.0;0.33333333333333326;1.0;1.0;-1.0;1.0;-1.0;-0.5510204081632653;-0.6481722984884168;0.33333333333333326
1.0;-0.33333333333333337;-1.0;1.0;1.0;1.0;-1.0;-0.5918367346938775;-0.46517931670667;-1.0
-1.0;-0.33333333333333337;1.0;1.0;1.0;1.0;1.0;0.5918367346938775;-0.19445473518516188;0.33333333333333326
1.0;-1.0;1.0;-1.0;-1.0;1.0;-1.0;-0.18367346938775508;-0.4197012211290234;-1.0
-1.0;1.0;-1.0;-1.0;1.0;1.0;-1.0;-0.34693877551020413;-0.7317088321283559;1.0
1.0;1.0;1.0;-1.0;-1.0;1.0;-1.0;0.020408163265306145;-0.6525841727623891;-1.0
1.0;-0.33333333333333337;-1.0;1.0;1.0;1.0;-1.0;0.8367346938775511;0.11503032991493378;1.0
-1.0;-1.0;1.0;-1.0;1.0;1.0;1.0;0.7959183673469388;0.2563651696635809;-1.0
-1.0;-1.0;1.0;1.0;1.0;1.0;-1.0;0.346938775510204;-0.29937956727497417;-1.0
1.0;-1.0;1.0;1.0;1.0;-1.0;-1.0;0.7551020408163265;-0.4450540119062102;0.33333333333333326
-1.0;-0.33333333333333337;-1.0;-1.0;1.0;1.0;-1.0;-0.061224489795918324;-0.21730906986023957;-1.0
-1.0;-0.33333333333333337;-1.0;1.0;1.0;1.0;1.0;-0.4693877551020408;-0.3921149620181331;-0.33333333333333337
-1.0;-0.33333333333333337;1.0;-1.0;1.0;1.0;1.0;-0.3877551020408163;-0.7534481533363767;0.33333333333333326
1.0;0.33333333333333326;-1.0;-1.0;-1.0;1.0;-1.0;0.020408163265306145;-0.2741231356862984;-0.33333333333333337
1.0;-1.0;1.0;-1.0;1.0;1.0;1.0;-0.10204081632653061;-0.22900982846515816;-1.0
1.0;-0.33333333333333337;1.0;-1.0;1.0;1.0;1.0;0.18367346938775508;-0.36943269732253947;0.33333333333333326
1.0;-0.33333333333333337;-1.0;1.0;1.0;1.0;-1.0;0.1428571428571428;0.32085355657463044;-0.33333333333333337
1.0;0.33333333333333326;1.0;-1.0;-1.0;1.0;1.0;-0.5102040816326531;-0.7755522629009037;0.33333333333333326
1.0;-1.0;-1.0;1.0;1.0;1.0;-1.0;0.18367346938775508;0.3643218747919028;0.33333333333333326
1.0;0.33333333333333326;-1.0;-1.0;1.0;1.0;1.0;0.061224489795918435;-0.04507046179624885;-1.0
1.0;0.33333333333333326;1.0;1.0;1.0;-1.0;-1.0;-0.7959183673469388;-0.6080386964735462;-1.0
-1.0;-1.0;1.0;1.0;1.0;1.0;-1.0;-0.5918367346938775;-0.44350882349044296;-0.33333333333333337
-1.0;-1.0;1.0;1.0;1.0;1.0;1.0;0.8775510204081634;0.5452947550145064;-1.0
-1.0;-0.33333333333333337;1.0;-1.0;1.0;-1.0;1.0;-0.30612244897959184;-0.4283976378921496;-1.0
1.0;0.33333333333333326;1.0;-1.0;-1.0;1.0;-1.0;-0.9591836734693877;-0.6003953479848625;-0.33333333333333337
-1.0;-0.33333333333333337;1.0;-1.0;1.0;-1.0;-1.0;-0.6326530612244898;-0.6902640568698164;1.0
1.0;-1.0;1.0;-1.0;1.0;-1.0;-1.0;-0.6326530612244898;-0.47019343590883667;0.33333333333333326
-1.0;-1.0;1.0;1.0;1.0;-1.0;1.0;0.6326530612244898;-0.08262301411885797;-0.33333333333333337
-1.0;-0.33333333333333337;-1.0;1.0;1.0;1.0;-1.0;0.1428571428571428;-0.582386503932057;-0.33333333333333337
-1.0;-0.33333333333333337;1.0;1.0;1.0;-1.0;1.0;0.7551020408163265;-0.21735380805490545;-1.0
1.0;-1.0;-1.0;-1.0;1.0;1.0;-1.0;0.6734693877551021;0.23669068820936934;-1.0
-1.0;0.33333333333333326;1.0;-1.0;1.0;1.0;-1.0;0.18367346938775508;0.3328193029479545;1.0
1.0;-1.0;1.0;-1.0;-1.0;-1.0;1.0;0.061224489795918435;0.1509998384262894;-1.0
1.0;-0.33333333333333337;-1.0;1.0;1.0;1.0;1.0;0.30612244897959173;0.23748221011499626;0.33333333333333326
1.0;-1.0;-1.0;-1.0;1.0;1.0;-1.0;0.8775510204081634;0.4307167970756365;-1.0
-1.0;-0.33333333333333337;-1.0;-1.0;1.0;1.0;1.0;0.346938775510204;0.33476025231653517;-1.0
-1.0;-0.33333333333333337;1.0;1.0;-1.0;1.0;-1.0;0.1428571428571428;-0.5217146291659647;-1.0
-1.0;-1.0;1.0;1.0;1.0;-1.0;-1.0;-0.1428571428571429;-0.21702687509388563;1.0
-1.0;-1.0;-1.0;1.0;-1.0;1.0;-1.0;0.6326530612244898;-0.03664591560070729;-0.33333333333333337
-1.0;-0.33333333333333337;1.0;1.0;-1.0;-1.0;-1.0;-0.4285714285714286;-0.2666002361832538;-1.0
-1.0;-1.0;-1.0;1.0;1.0;1.0;1.0;-0.8367346938775511;-0.6457426703781013;-1.0
-1.0;-1.0;1.0;1.0;1.0;1.0;-1.0;0.8367346938775511;0.8855906706410244;-0.33333333333333337
-1.0;-0.33333333333333337;1.0;1.0;1.0;1.0;-1.0;-0.30612244897959184;-0.18631238375597448;-1.0
-1.0;-1.0;1.0;-1.0;-1.0;-1.0;1.0;0.6734693877551021;-0.3750146474570035;-1.0
-1.0;1.0;-1.0;1.0;1.0;1.0;-1.0;-0.8367346938775511;-0.773514954343812;-1.0
1.0;1.0;-1.0;-1.0;1.0;1.0;1.0;0.7142857142857142;0.5622470893932796;0.33333333333333326
-1.0;0.33333333333333326;1.0;1.0;1.0;1.0;-1.0;-0.7959183673469388;-0.786595714184193;0.33333333333333326
-1.0;-0.33333333333333337;1.0;-1.0;1.0;-1.0;-1.0;-0.5510204081632653;-0.7138961478521623;-1.0
1.0;-1.0;1.0;-1.0;1.0;1.0;-1.0;0.061224489795918435;-0.6188791051810443;1.0
-1.0;-0.33333333333333337;1.0;1.0;1.0;1.0;1.0;0.8367346938775511;0.33969521932813906;-1.0
-1.0;0.33333333333333326;-1.0;-1.0;1.0;1.0;-1.0;-0.7142857142857143;-0.6733736676836576;1.0
1.0;-1.0;-1.0;1.0;1.0;-1.0;-1.0;-0.22448979591836737;-0.006392571807813607;-1.0
-1.0;-1.0;1.0;-1.0;1.0;1.0;-1.0;0.22448979591836737;-0.5991357957350391;-0.33333333333333337
-1.0;-0.33333333333333337;-1.0;-1.0;1.0;-1.0;-1.0;-0.30612244897959184;-0.4752419691069001;-1.0
1.0;-0.33333333333333337;1.0;-1.0;1.0;-1.0;1.0;0.346938775510204;-0.01571876469585165;-0.33333333333333337
-1.0;-0.33333333333333337;-1.0;-1.0;-1.0;1.0;-1.0;-0.6326530612244898;-0.41520675326489886;1.0
-1.0;-1.0;1.0;1.0;1.0;1.0;1.0;0.5510204081632653;-0.17520354588048126;1.0
-1.0;-1.0;1.0;1.0;-1.0;1.0;-1.0;-0.18367346938775508;-0.7539505976764702;0.33333333333333326
-1.0;-0.33333333333333337;1.0;1.0;1.0;1.0;-1.0;-0.26530612244897955;-0.5789967253362204;0.33333333333333326
1.0;1.0;-1.0;-1.0;1.0;1.0;1.0;-0.6326530612244898;-0.7360656440088933;1.0
-1.0;-0.33333333333333337;1.0;1.0;1.0;-1.0;1.0;-0.34693877551020413;-0.6119205952107074;-1.0
1.0;1.0;1.0;1.0;1.0;1.0;1.0;0.061224489795918435;-0.528766056925223;-1.0
-1.0;-1.0;1.0;-1.0;-1.0;1.0;-1.0;0.020408163265306145;-0.5074431450675537;-0.33333333333333337
1.0;-1.0;-1.0;-1.0;1.0;-1.0;1.0;-0.4285714285714286;-0.6731499767103283;0.33333333333333326
-1.0;-0.33333333333333337;-1.0;-1.0;1.0;1.0;1.0;-0.8775510204081632;-0.8052928381549349;-0.33333333333333337
-1.0;-1.0;1.0;-1.0;-1.0;1.0;-1.0;-0.5102040816326531;-0.283628281353;0.33333333333333326
1.0;0.33333333333333326;1.0;1.0;1.0;1.0;-1.0;0.510204081632653;0.32443261214789976;-0.33333333333333337
1.0;1.0;1.0;-1.0;1.0;1.0;-1.0;0.8775510204081634;0.8638926462280798;-0.33333333333333337
-1.0;-1.0;-1.0;1.0;-1.0;-1.0;-1.0;-0.26530612244897955;-0.22125635518960474;-0.33333333333333337
1.0;-1.0;-1.0;-1.0;1.0;1.0;-1.0;0.6734693877551021;-0.1378161807381767;-0.33333333333333337
1.0;-1.0;1.0;1.0;-1.0;1.0;1.0;0.7142857142857142;-0.14996776268934353;-1.0
-1.0;-0.33333333333333337;-1.0;1.0;1.0;1.0;1.0;-0.6326530612244898;-0.6924699940068026;-0.33333333333333337
1.0;-1.0;1.0;-1.0;-1.0;1.0;-1.0;-0.5510204081632653;-0.8259205872954883;-1.0
-1.0;-1.0;-1.0;-1.0;1.0;1.0;-1.0;0.4285714285714286;0.13003139072635728;-0.33333333333333337
-1.0;0.33333333333333326;-1.0;-1.0;1.0;1.0;-1.0;0.7551020408163265;0.7951093926291073;0.33333333333333326
-1.0;-1.0;1.0;-1.0;1.0;1.0;-1.0;0.020408163265306145;0.1621534144964485;-1.0
1.0;-1.0;1.0;-1.0;1.0;1.0;1.0;-0.9591836734693877;-0.8218184389845875;-1.0
-1.0;-1.0;1.0;1.0;1.0;-1.0;1.0;0.22448979591836737;-0.4215974323029381;-0.33333333333333337
1.0;0.33333333333333326;1.0;-1.0;1.0;1.0;-1.0;-0.1428571428571429;0.11414589022038557;0.33333333333333326
1.0;-1.0;1.0;1.0;1.0;1.0;-1.0;-0.4285714285714286;-0.6691545117867076;0.33333333333333326
1.0;1.0;1.0;1.0;1.0;-1.0;1.0;0.8367346938775511;0.505828784520034;-0.33333333333333337
1.0;0.33333333333333326;1.0;1.0;1.0;1.0;-1.0;0.1428571428571428;-0.4465544621273114;-0.33333333333333337
1.0;-1.0;-1.0;-1.0;-1.0;1.0;1.0;-0.10204081632653061;0.0751858054655965;-1.0
-1.0;-1.0;-1.0;1.0;-1.0;-1.0;1.0;-0.6326530612244898;-0.6466511998697775;-1.0
1.0;1.0;1.0;1.0;1.0;1.0;-1.0;-0.8367346938775511;-0.851924490875043;0.33333333333333326
1.0;0.33333333333333326;1.0;1.0;1.0;1.0;-1.0;-0.020408163265306145;-0.4589435006501663;-0.33333333333333337
-1.0;-0.33333333333333337;1.0;1.0;1.0;1.0;1.0;0.6326530612244898;0.6397680565504547;-0.33333333333333337
-1.0;-1.0;1.0;1.0;-1.0;1.0;-1.0;-0.7959183673469388;-0.8965522166140792;-0.33333333333333337
1.0;1.0;1.0;-1.0;-1.0;-1.0;-1.0;0.6326530612244898;-0.062865939074494;1.0
1.0;-1.0;1.0;1.0;1.0;1.0;-1.0;0.1020408163265305;0.24210400976393887;0.33333333333333326
-1.0;1.0;1.0;1.0;-1.0;-1.0;1.0;0.26530612244897966;0.18191737233999183;-1.0
-1.0;-1.0;1.0;1.0;1.0;1.0;-1.0;1.0;0.0696451521262087;1.0
-1.0;-0.33333333333333337;1.0;1.0;1.0;1.0;-1.0;-0.9183673469387755;-0.9067477070384709;0.33333333333333326
-1.0;0.33333333333333326;1.0;1.0;1.0;1.0;1.0;0.020408163265306145;-0.5336356373446229;-0.33333333333333337
1.0;0.33333333333333326;1.0;-1.0;-1.0;1.0;-1.0;-0.061224489795918324;-0.3076354848906211;-1.0
-1.0;1.0;1.0;-1.0;1.0;1.0;-1.0;-0.18367346938775508;-0.09572442235677714;-1.0
-1.0;1.0;1.0;-1.0;-1.0;1.0;1.0;1.0;-0.3170821267642979;-1.0
1.0;-1.0;-1.0;-1.0;1.0;1.0;-1.0;-0.10204081632653061;-0.6082107664530303;-0.33333333333333337
-1.0;1.0;-1.0;-1.0;-1.0;1.0;1.0;-0.7142857142857143;-0.3711293073202526;-1.0
-1.0;0.33333333333333326;1.0;-1.0;1.0;1.0;-1.0;0.5918367346938775;0.5790307951921583;-1.0
-1.0;-1.0;-1.0;-1.0;-1.0;1.0;1.0;-0.4285714285714286;-0.40008524346783636;-0.33333333333333337
1.0;1.0;1.0;1.0;-1.0;1.0;1.0;0.061224489795918435;-0.37786756771684993;-1.0
1.0;-0.33333333333333337;1.0;1.0;1.0;-1.0;-1.0;-0.5102040816326531;-0.31676551800204733;-1.0
1.0;-0.33333333333333337;1.0;-1.0;-1.0;1.0;1.0;0.020408163265306145;-0.4073741277987827;-1.0
-1.0;-1.0;1.0;1.0;1.0;1.0;-1.0;-0.9591836734693877;-0.574750038242553;0.33333333333333326
-1.0;-0.33333333333333337;1.0;1.0;1.0;1.0;-1.0;-0.22448979591836737;-0.15479948771325702;-1.0
1.0;-1.0;-1.0;1.0;1.0;1.0;1.0;0.26530612244897966;-0.5550273771940857;-0.33333333333333337
-1.0;0.33333333333333326;-1.0;1.0;-1.0;1.0;-1.0;0.26530612244897966;-0.013994623501421;1.0
1.0;-1.0;1.0;-1.0;-1.0;-1.0;-1.0;-0.10204081632653061;0.0720644560377548;-1.0
-1.0;1.0;-1.0;-1.0;1.0;1.0;-1.0;-0.3877551020408163;-0.2188473754768273;0.33333333333333326
1.0;-0.33333333333333337;1.0;1.0;1.0;1.0;-1.0;-0.1428571428571429;-0.4016614044799107;0.33333333333333326
-1.0;-1.0;1.0;1.0;1.0;1.0;-1.0;0.020408163265306145;-0.19279598058293512;-1.0
1.0;-0.33333333333333337;1.0;-1.0;1.0;1.0;1.0;-0.22448979591836737;-0.1233450954635642;-1.0
-1.0;-0.33333333333333337;1.0;1.0;1.0;1.0;-1.0;-0.7551020408163265;-0.5131765167839639;-0.33333333333333337
1.0;-0.33333333333333337;1.0;1.0;1.0;-1.0;-1.0;0.7959183673469388;0.38785760658573754;-1.0
1.0;-1.0;-1.0;-1.0;1.0;1.0;1.0;-1.0;-0.9559500852520714;-1.0
-1.0;-0.33333333333333337;1.0;1.0;-1.0;-1.0;-1.0;0.18367346938775508;-0.3078144376692845;-1.0
1.0;1.0;1.0;1.0;1.0;-1.0;1.0;0.8367346938775511;0.6128150149640659;0.33333333333333326
1.0;-0.33333333333333337;1.0;1.0;-1.0;1.0;1.0;-0.9183673469387755;-0.7373974656501001;0.33333333333333326
-1.0;-0.33333333333333337;-1.0;-1.0;1.0;-1.0;-1.0;0.1428571428571428;-0.41598795097175656;1.0
-1.0;0.33333333333333326;-1.0;1.0;1.0;1.0;-1.0;0.18367346938775508;-0.1713491783400375;0.33333333333333326
1.0;-0.33333333333333337;1.0;-1.0;1.0;1.0;1.0;-0.3877551020408163;-0.36285274130706757;-0.33333333333333337
1.0;-0.33333333333333337;-1.0;1.0;1.0;1.0;-1.0;-0.9183673469387755;-0.8450441006753919;1.0
1.0;-1.0;1.0;-1.0;-1.0;1.0;-1.0;-0.9183673469387755;-0.5405494091202938;-0.33333333333333337
-1.0;-0.33333333333333337;-1.0;1.0;1.0;-1.0;-1.0;0.020408163265306145;-0.09630257748784365;-0.33333333333333337
1.0;0.33333333333333326;1.0;-1.0;1.0;1.0;-1.0;0.6326530612244898;0.5369080642144515;-1.0
1.0;1.0;1.0;1.0;1.0;1.0;-1.0;-0.5510204081632653;-0.7381373665618818;-0.33333333333333337
1.0;-1.0;1.0;-1.0;-1.0;-1.0;-1.0;-0.7142857142857143;-0.35286579969781073;-1.0
-1.0;-1.0;-1.0;-1.0;1.0;1.0;1.0;-0.10204081632653061;-0.08941633690889006;0.33333333333333326
1.0;-0.33333333333333337;1.0;-1.0;1.0;1.0;-1.0;0.22448979591836737;-0.4750561335290572;-1.0
1.0;1.0;1.0;-1.0;1.0;1.0;-1.0;0.9183673469387754;0.5969054246609662;0.33333333333333326
-1.0;0.33333333333333326;1.0;1.0;1.0;1.0;1.0;0.6734693877551021;-0.10669560424868307;1.0
-1.0;-1.0;-1.0;1.0;1.0;1.0;1.0;0.7551020408163265;0.445759154682136;0.33333333333333326
-1.0;-1.0;1.0;1.0;1.0;1.0;-1.0;-0.5102040816326531;-0.83969823055278;-1.0
-1.0;-0.33333333333333337;1.0;1.0;1.0;-1.0;-1.0;-0.4693877551020408;-0.6227506797194364;-1.0
1.0;-1.0;1.0;-1.0;1.0;-1.0;1.0;-0.5510204081632653;-0.6662671775309644;-1.0
1.0;-0.33333333333333337;-1.0;1.0;-1.0;1.0;1.0;-0.18367346938775508;-0.2546826694041854;-1.0
